kernel,run_id,de_step_1,de_step_2,de_step_3,de_step_4,removed_step_1,removed_step_2,removed_step_3,removed_step_4,design_best_step_1,design_best_step_2,design_best_step_3,design_best_step_4,predicted_best_step_1,predicted_best_step_2,predicted_best_step_3,predicted_best_step_4
lu,1537554184,0.143,,,,,,,,0.138409733708,,,,,,,,
lu,1537554180,0.131,,,,,,,,0.188722678767,,,,,,,,
lu,1537554181,0.135,,,,,,,,0.137396785462,,,,,,,,
lu,1537554180,0.115,,,,,,,,0.152379411384,,,,,,,,
lu,1537554176,0.151,,,,,,,,0.119610441918,,,,,,,,
lu,1537554182,0.107,,,,,,,,0.0788795584679,,,,,,,,
lu,1537554180,0.159,,,,,,,,0.101926856286,,,,,,,,
lu,1537554176,0.131,,,,,,,,0.0978202914866,,,,,,,,
lu,1537554181,0.15,,,,,,,,0.0871966325967,,,,,,,,
lu,1537554180,0.16,,,,,,,,0.116260048321,,,,,,,,
gesummv,1537809507,0.203,0.175,0.224,0.191,,,,,0.397003429241,0.353692868947,0.522220270159,0.51035494452,,,,,
gesummv,1537809507,0.162,0.222,0.181,0.166,,,,,0.537366147433,0.48339551942,0.501860411462,0.414603255422,,,,,
gesummv,1537809508,0.114,0.148,0.225,0.154,,,,,0.508140202446,0.377604811795,0.522072717957,0.380494852787,,,,,
gesummv,1537809506,0.132,0.164,0.133,0.191,,,,,0.522024433227,0.38596859723,0.523954319623,0.534258092137,,,,,
gesummv,1537809502,0.202,0.175,0.155,0.179,,,,,0.375985591275,0.471316974821,0.534330053638,0.38790572832,,,,,
gesummv,1537809512,0.133,0.219,0.226,0.188,,,,,0.391485060563,0.385684924656,0.403181983447,0.384899252671,,,,,
gesummv,1537809512,0.155,0.199,0.119,0.165,,,,,0.383940085152,0.376700103076,0.37929890308,0.36738689959,,,,,
gesummv,1537809509,0.197,0.173,0.245,0.135,,,,,0.391813292425,0.450507931509,0.505343738494,0.510347106413,,,,,
gesummv,1537809513,0.257,0.178,0.166,0.204,,,,,0.42758642741,0.37873351676,0.36495466178,0.41162858129,,,,,
gesummv,1537809511,0.168,0.228,0.174,0.173,,,,,0.526077141649,0.404087830429,0.385682263873,0.481506869996,,,,,
correlation,1537641466,0.181,0.216,0.275,0.249,"'U3_J': 'RT2_J': 'I(RT2_J^2)': 'T3_Ja'","'T2_J': 'I(T2_Ia^2)': 'I(T3_Ia^3)': 'I(T3_J^2)'","'VEC2'","",0.991317076924,0.990440906203,0.989588384968,0.990030601865,1.0008543733,0.99580278608,0.994809080263,0.999925774806
correlation,1537549935,0.213,0.13,0.171,0.194,"'I(U3_I^3)': 'I(RT2_J^2)': 'I(U3_J^2)': 'T2_J': 'I(T2_J^2)'","'I(T3_Ia^2)': 'T2_Ja': 'I(T3_Ja^2)': 'T3_Ia': 'I(T3_J^3)'","","",0.993562624818,0.993630829166,0.993984004722,0.99258645902,1.00029898384,1.00267812881,0.997181029926,1.00205885621
correlation,1537549945,0.172,0.08,0.12,0.121,"'I(RT2_J^2)': 'T2_J'","","","",0.991815703542,0.990871800163,0.991173940457,0.990613128167,0.995296302715,0.994584420278,0.999384317893,0.998355758224
correlation,1537549938,0.148,0.176,0.133,0.134,"'I(T3_Ja^3)': 'I(T3_I^2)'","'OMP2'","","'T3_Ia': 'I(U3_I^3)'",0.995779235208,0.995673583486,0.995310038347,0.995375120955,1.00060939684,0.998932874601,1.00511959288,1.00239257428
correlation,1537549924,0.164,0.127,0.263,0.283,"'I(T3_Ja^2)'","'T3_J': 'I(U3_I^3)': 'U2_J': 'RT3_J': 'I(RT3_I^2)': 'SCREP': 'I(U2_J^3)'","'I(T2_Ia^3)': 'I(T3_Ia^3)'","",0.995236944416,0.995458012695,0.992871013026,0.994488317078,0.99766397364,1.00062128056,1.00270633361,0.994124877965
correlation,1537549972,0.144,0.099,0.265,0.169,"'I(T3_J^3)': 'I(T2_J^2)': 'OMP2': 'I(T2_Ja^2)': 'I(RT2_J^2)'","'U2_J'","","'I(RT3_I^2)': 'I(U3_J^3)'",0.996466404261,0.997028088511,0.996836227488,0.996401065481,1.00160982718,1.00191861023,1.00391402219,0.99782347353
correlation,1537549933,0.172,0.36,0.226,0.271,"'I(RT3_I^2)': 'U3_I': 'U2_J': 'I(T2_J^3)': 'I(T3_J^3)': 'OMP2': 'I(T3_Ia^3)'","","'I(T2_Ia^3)'","'VEC3': 'I(T2_I^3)'",0.995469130663,0.993822842322,0.995479287638,0.993590805505,1.00144343495,1.00074474949,1.0027080499,0.999465113651
correlation,1537549945,0.184,0.114,0.094,0.193,"'I(T3_I^3)'","","'I(T2_J^2)': 'I(U3_I^2)'","'T2_Ja'",0.994480517621,0.995139998282,0.995252512239,0.996561739529,1.00028786968,0.997232815139,1.00162615592,0.999562398007
correlation,1537641465,0.174,0.107,0.081,0.058,"'T2_Ja'","","","",0.995209523539,0.996054969149,0.996665632421,0.996196497489,0.999275455118,0.998010438145,1.00514200535,0.997498185773
correlation,1537549947,0.2,0.089,0.094,0.13,"'I(U3_J^3)'","","","'I(T3_Ia^2)': 'I(T3_I^3)'",0.995737567811,0.99583785022,0.996526074071,0.996128382687,0.999577094753,1.00139220637,1.00037376687,1.00043565544
correlation,1537549950,0.16,0.1,0.135,0.17,"","'T2_Ja': 'VEC3': 'I(RT2_J^2)': 'I(T3_I^3)': 'I(RT3_J^2)'","'I(U3_I^2)': 'RT2_I'","'I(T3_J^2)': 'I(T2_I^3)': 'OMP2': 'I(U2_J^2)': 'U3_J'",0.993113302734,0.992513377853,0.993543658761,0.993677626734,0.996350409317,0.998320181739,0.995464819539,0.994656865415
trmm,1537465887,0.048,0.051,0.299,0.58,"","'I(T2_I^2)': 'OMP1': 'SCREP': 'I(T1_Ia^2)': 'OMP2': 'I(T2_K^2)': 'U2_J': 'I(RT1_J^2)': 'I(U2_I^2)': 'RT2_J': 'I(RT2_J^2)'","'I(T2_Ia^2)': 'T2_Ia': 'I(RT2_K^2)': 'I(T2_J^2)': 'I(RT2_I^2)': 'I(T1_I^2)': 'I(U1_J^2)'","'I(T1_J^3)': 'I(T1_J^2)'",0.108742155771,0.125661605374,0.0663212001749,0.0739716252122,0.954385690634,0.146628962255,0.0824051808706,0.0819606152988
trmm,1537465890,0.051,0.067,0.073,0.084,"'I(RT2_K^2)': 'RT1_I': 'I(T2_Ia^2)'",,,,0.161819231713,0.117441501378,0.0989405100668,0.0961722427316,0.196978828533,,,
trmm,1537465885,0.086,0.136,0.317,0.404,"'RT1_J': 'OMP2': 'I(U1_I^2)': 'I(T2_I^2)': 'I(U2_K^2)': 'I(T2_K^2)': 'I(RT2_K^2)'","'I(T2_Ia^2)': 'I(T1_Ia^2)': 'OMP1': 'I(T1_I^2)': 'I(T1_Ja^2)': 'I(T2_Ja^2)': 'SCREP': 'I(RT2_I^2)'","'I(RT2_J^3)': 'I(T2_J^2)': 'I(U2_I^2)': 'I(U2_I^3)': 'I(T2_J^3)'","",0.0816091379211,0.0901249089631,0.0880444076932,0.0781217661651,0.440755018123,0.133886081673,0.0973759538624,0.0961546155179
trmm,1537465889,0.057,0.105,0.12,0.247,"'SCREP': 'I(T2_J^2)': 'I(T2_Ka^3)'","'OMP1': 'I(T1_Ia^2)': 'RT2_J': 'I(U1_I^2)': 'I(RT1_I^3)': 'OMP2': 'I(RT2_J^2)': 'I(T2_K^3)'","'I(T1_I^2)': 'I(T2_Ia^2)': 'I(T2_I^2)': 'I(RT2_I^2)': 'T1_I': 'I(T1_I^3)': 'T1_J': 'T2_I': 'T2_Ia': 'I(T2_Ia^3)'","'I(RT1_J^2)'",0.133212771045,0.0674992470735,0.0771049040027,0.0704075042971,0.496734943762,0.587312112208,0.0826732383459,0.0832774839346
trmm,1537535360,0.046,0.057,0.073,0.319,"","'I(T2_Ia^2)': 'I(T2_K^2)': 'I(T2_I^2)': 'T2_Ia': 'OMP2': 'T1_I': 'I(T2_Ka^2)'","'OMP1': 'I(T1_Ia^2)': 'SCREP': 'U2_I': 'I(U2_J^3)': 'RT2_K': 'I(U1_I^2)': 'RT1_J': 'I(U2_K^2)'","'I(RT2_J^2)': 'VEC2': 'I(T2_J^3)': 'I(T2_J^2)': 'I(T2_Ja^2)'",0.098303157231,0.0925162843985,0.06839835833,0.090645197158,0.31729411566,0.429326625343,0.1142408965,0.0976448847003
trmm,1537465884,0.071,,,,"'I(T1_Ia^2)': 'I(T2_K^2)': 'I(T2_I^2)': 'OMP1': 'VEC1': 'I(RT2_K^2)': 'OMP2': 'I(RT2_J^2)': 'T2_Ia': 'I(T2_Ia^2)': 'I(RT1_I^2)': 'I(T1_I^2)': 'T2_K': 'I(T2_K^3)': 'RT1_I': 'T1_I': 'U1_I': 'I(T2_Ja^3)': 'I(T1_J^3)': 'I(U1_I^2)': 'T2_Ka': 'I(T2_Ia^3)': 'I(U2_J^2)': 'I(U1_J^2)': 'I(U2_K^2)': 'I(T1_Ia^3)': 'I(U2_I^2)': 'U2_K': 'RT2_I': 'I(T2_J^2)': 'U2_I': 'SCREP': 'T2_J': 'I(T1_I^3)': 'T1_Ia': 'T2_I': 'I(U1_J^3)': 'I(T1_J^2)': 'I(U2_I^3)': 'I(T2_J^3)': 'I(T1_Ja^2)': 'RT2_J': 'VEC2': 'T2_Ja': 'I(RT2_J^3)': 'I(U1_I^3)': 'RT1_J': 'I(T2_Ja^2)': 'I(RT2_I^2)': 'U1_J': 'I(T2_Ka^2)': 'U2_J': 'I(RT2_I^3)': 'RT2_K': 'I(T2_Ka^3)': 'T1_Ja': 'I(RT1_J^2)': 'I(T2_I^3)': 'I(U2_J^3)': 'I(RT1_J^3)'",,,,0.100870622424,,,,0.142999257996,,,
trmm,1537465883,0.049,0.308,0.254,0.466,"'OMP2': 'I(T2_K^2)': 'I(T1_Ia^2)': 'I(T2_I^2)': 'T2_Ia': 'SCREP': 'I(T2_Ia^2)': 'T1_I': 'VEC1': 'T2_Ka': 'I(U2_I^3)': 'U2_K': 'I(T2_Ka^2)': 'T2_I'","'OMP1': 'T1_Ja': 'U1_J': 'I(RT2_J^2)': 'U1_I': 'I(T2_J^2)'","'I(T1_J^3)': 'I(RT2_I^3)': 'I(T2_Ja^3)': 'RT2_K': 'I(RT1_I^2)'","",0.127724674285,0.0773155996482,0.0679141767064,0.0696664980071,0.326942239498,0.106653761155,0.0704926245497,0.0695042817921
trmm,1537465887,0.069,0.17,0.235,0.273,"'OMP2': 'RT2_I': 'VEC2': 'I(T2_Ia^2)': 'I(T1_J^2)': 'I(T2_K^2)': 'U2_K': 'RT1_J': 'I(T1_Ia^2)': 'I(U2_J^2)': 'T2_K'","'I(T2_I^2)': 'I(T1_I^2)': 'SCREP': 'I(T2_Ka^2)': 'OMP1': 'I(T2_Ja^2)'","'RT1_I': 'I(RT2_J^2)'","'I(T2_J^3)': 'I(T2_J^2)': 'I(RT2_K^2)': 'VEC1': 'I(U1_I^2)': 'U2_I': 'I(U1_I^3)'",0.0838132739747,0.084774094476,0.087382116341,0.0807578013835,0.739604260295,0.163998887026,0.101816401572,0.0966893253124
trmm,1537465889,0.048,0.073,0.08,0.075,"'I(T1_Ia^2)': 'I(T2_I^2)': 'I(T2_Ia^2)': 'SCREP': 'T1_I': 'OMP1'",,,,0.0975968847462,0.0855278205557,0.10214741071,0.104067943545,0.579722587352,,,
trmm,1537465883,0.052,0.063,0.052,0.227,"'OMP2': 'I(T2_Ia^2)'","'I(T2_I^2)': 'I(T1_Ia^2)': 'OMP1': 'T1_I': 'I(T1_Ja^2)': 'T1_J': 'T2_K': 'I(T2_J^3)': 'I(U1_I^2)': 'RT2_J': 'I(T2_Ja^2)': 'T2_Ja': 'I(T2_I^3)': 'I(T2_K^2)': 'I(U2_I^3)': 'I(RT2_K^2)': 'VEC2': 'VEC1'","'SCREP'",,0.12250029406,0.10194558723,0.0967373045204,0.100378791881,1.0090817079,0.124326707645,0.094698181475,
jacobi-1d,1537911052,0.133,0.211,0.231,0.257,"'OMP': 'I(U2_J^2)'","","'T2_J'","'I(T2_I^2)'",0.732302308562,0.567484059398,0.701746914236,0.670575039179,0.688899605863,1.008773492,0.818690787083,0.915501812293
jacobi-1d,1537911059,0.199,0.276,0.314,0.312,"'OMP': 'I(RT2_I^2)': 'U2_J'","","","",0.643206871014,0.625601134718,0.711001352696,0.591518641466,0.893415617839,0.775321779904,0.858788906645,0.856987841537
jacobi-1d,1537911053,0.202,0.157,0.499,0.254,"","'I(RT2_I^2)': 'OMP': 'I(T2_Ja^3)': 'T2_I': 'I(U2_J^2)': 'I(T2_I^3)': 'U2_J': 'I(T2_Ia^3)': 'T2_J': 'RT2_I': 'RT2_J': 'I(T2_Ia^2)': 'I(U2_J^3)'","","'I(U2_I^3)'",0.65904519595,0.73684532932,0.56812375513,,0.82722368657,0.799107938615,0.56812375513,
jacobi-1d,1537911047,0.177,0.37,0.157,0.28,"'OMP': 'I(T2_J^2)': 'I(RT2_J^2)': 'I(T2_Ja^2)'","","","",0.588819424266,0.740173047102,0.706353461411,0.732037979548,0.850729795116,0.99488909093,0.788616133497,0.803682874731
jacobi-1d,1537911042,0.137,0.32,0.492,0.285,"'T2_I': 'I(T2_J^2)': 'I(T2_Ia^2)': 'OMP': 'I(T2_I^3)': 'RT2_I': 'I(T2_Ia^3)': 'VEC2': 'I(T2_Ja^3)'","","","'I(U2_J^2)': 'I(RT2_J^2)': 'RT2_J'",0.728362133656,0.686754179347,0.697678534206,,0.778610184683,0.725157481136,0.664827823404,0.78613978405
jacobi-1d,1537911039,0.255,0.514,0.551,0.468,"'I(T2_J^2)': 'OMP': 'I(U2_I^2)'","'RT2_I': 'RT2_J'","","'SCR': 'I(T2_I^2)': 'T2_Ia': 'I(T2_I^3)': 'T2_I': 'I(T2_Ia^2)'",0.800003666577,0.755438303808,0.797716951958,0.783868750727,0.947155361597,1.14457186261,0.906869685287,0.82816557843
jacobi-1d,1537911050,0.184,0.475,0.421,0.526,"'I(U2_J^2)': 'OMP': 'I(T2_J^3)': 'I(T2_I^3)'","'I(RT2_I^3)': 'I(RT2_J^3)'","","",0.538869643948,0.684861670917,0.849374040013,0.853725026826,0.57944159251,0.942682752209,0.861379028435,0.842403539105
jacobi-1d,1537911052,0.163,0.229,0.417,0.708,"'OMP': 'I(U2_J^3)': 'I(T2_Ia^2)'","'RT2_I'","'I(T2_I^3)': 'I(T2_J^2)'","'VEC2'",0.724475372279,0.68904342393,0.426274914089,0.905365719046,0.804979693846,0.996635530563,1.08674008122,1.46314370509
jacobi-1d,1537911063,0.13,0.206,0.129,0.212,"","'OMP'","","",0.685999862821,0.800892139635,0.735294126831,0.739490771825,inf,0.952078458662,0.899013969007,0.901830501588
mm,1537809287,0.147,0.425,0.47,0.47,"'T1_Ia': 'OMP': 'SCREP': 'I(T1_Ia^2)': 'I(U_I^2)': 'I(U_J^3)': 'I(T1_Ja^2)'","'T1_I': 'I(T1_I^2)': 'I(T1_K^3)': 'I(T1_Ka^2)': 'VEC': 'I(T1_K^2)'","","",0.0841657445061,0.0668117706162,0.0692341360091,0.0708207319805,0.136181508361,0.0717807384979,0.0737639766733,0.0731171291047
mm,1537809293,0.199,0.206,0.237,0.264,"'OMP': 'T1_Ia'","'I(T1_I^2)': 'T1_I': 'I(T1_I^3)': 'T1_Ka'","'U_I': 'U_J': 'I(U_K^2)': 'I(T1_J^2)': 'I(U_K^3)': 'SCREP': 'T1_K': 'I(U_I^3)': 'I(U_J^2)'","",0.0529424256452,0.0665670261962,0.0489174890166,0.0509686973392,0.246068524746,0.255846247236,0.0545389911827,0.053823079365
mm,1537809291,0.144,0.266,0.217,0.301,"'OMP': 'I(T1_Ia^2)': 'T1_Ka'","'I(T1_I^2)': 'I(T1_I^3)': 'T1_I'","","'U_I'",0.0836946459666,0.072225389485,0.0530468727698,0.0542994844023,0.0850187792853,0.0714265324182,0.0621718654634,0.118676791033
mm,1537809284,0.077,0.401,0.394,0.472,"'OMP': 'I(T1_Ia^2)': 'I(U_K^2)': 'T1_I': 'I(T1_I^2)': 'T1_Ja': 'T1_Ia': 'T1_J': 'I(U_J^2)': 'SCREP': 'I(T1_J^2)'","","'I(U_I^2)': 'I(T1_K^3)': 'I(T1_K^2)': 'I(U_I^3)'","",0.0696844235335,0.0559259227104,0.0588158987014,0.0899327814713,0.142502880079,0.0684735149647,0.0911862584357,0.0907522932104
mm,1537809277,0.117,0.177,0.377,0.401,"'OMP'","'I(T1_Ia^2)': 'I(T1_I^2)': 'T1_I': 'T1_Ia': 'I(T1_Ia^3)': 'U_K': 'U_J': 'I(T1_J^2)'","'I(U_I^2)'","",0.0544223872002,0.0564049962979,0.0983257058042,0.087762585423,1.35032965748,0.138106255979,0.110972151303,0.103808143903
mm,1537809288,0.146,0.268,0.419,0.412,"'OMP': 'I(T1_J^3)'","'I(T1_Ia^2)': 'I(T1_I^2)': 'T1_Ia': 'I(U_K^2)': 'I(T1_I^3)': 'I(T1_K^2)': 'I(T1_Ka^2)': 'T1_Ja'","","",0.0572823719754,0.0624593398843,0.0613872990267,0.0536863699342,0.145738901411,0.0624713875776,0.0628022268867,0.0628676160312
mm,1537809285,0.155,0.177,0.665,0.779,"'OMP': 'PAR': 'I(T1_Ia^2)'","'I(T1_I^2)': 'I(U_K^2)': 'I(T1_K^2)': 'T1_K': 'T1_I': 'I(T1_K^3)': 'I(T1_I^3)': 'I(T1_Ja^3)': 'I(U_J^3)': 'I(U_I^3)': 'I(U_K^3)': 'I(T1_Ja^2)'","'I(T1_J^3)': 'I(T1_J^2)': 'T1_J'","",0.0712460616918,0.0624587819856,0.0701203715534,0.0722234213466,1.1454876978,0.0810964603478,0.0727006260517,
mm,1537809289,0.126,0.168,0.431,0.62,"'OMP'","'I(T1_Ia^2)': 'I(T1_I^2)': 'I(U_K^2)': 'T1_Ka': 'T1_Ia': 'I(T1_K^2)': 'I(U_I^3)': 'I(T1_Ka^2)': 'T1_K'","'I(T1_Ja^2)'","",0.0681858796306,0.0599991162703,0.051221933084,0.0512153187069,1.18305985297,0.055239932619,0.0510559890363,0.0584189803391
mm,1537809296,0.124,0.309,0.327,0.673,"'OMP': 'I(U_K^2)': 'I(T1_Ia^2)': 'I(T1_Ka^2)': 'I(U_K^3)': 'I(U_J^2)'","'I(T1_I^2)': 'T1_I': 'I(T1_I^3)': 'VEC'","'U_I': 'I(U_I^3)': 'I(T1_J^2)'","",0.0557422227113,0.063743294621,0.0545737053362,0.0594733921185,0.122532790722,0.091543121947,0.0654045575859,0.0617528371981
mm,1537809290,0.185,0.123,0.352,0.405,"'OMP'","'I(T1_I^2)': 'I(U_K^2)': 'I(T1_Ia^2)': 'T1_Ia': 'I(T1_I^3)': 'I(U_I^2)'","","'I(U_J^3)': 'I(T1_Ja^3)': 'I(T1_J^2)': 'T1_K': 'I(T1_Ka^3)': 'I(T1_Ka^2)': 'I(T1_K^2)': 'I(U_J^2)': 'VEC': 'I(T1_K^3)': 'SCREP'",0.0935621204385,0.0592908446229,0.0739043029648,0.0706302622573,0.4702587401,0.110399510576,0.0668989008333,0.0774598914142
atax2,1537463396,0.115,0.103,0.07,0.091,"","","","'RT_I'",0.513543224076,0.509667016348,0.507842213027,0.471085830916,1.12921870279,0.675541929954,1.26541406081,1.22003062843
atax2,1537463407,0.159,0.1,0.142,0.133,"'I(RT_I^2)': 'RT_I'","","'ACOPY_x': 'I(T1_K^2)': 'T1_K': 'RT_J': 'I(T1_J^2)': 'I(RT_K^2)': 'I(U_I^2)': 'I(RT_J^3)': 'I(U1_I^2)': 'U_K': 'I(RT_K^3)': 'I(T1_K^3)': 'I(U_I^3)': 'T2_J': 'I(U_K^2)': 'I(U_J^3)': 'SCR'",,0.504871423697,0.507420516954,0.500240397804,0.505674264709,1.57937493974,0.563274942043,0.59982060253,
atax2,1537463426,0.136,0.254,0.137,0.561,"'RT_I': 'U_I'","'SCR': 'VEC2'","'T2_I': 'T2_J': 'I(U_J^3)': 'T2_K': 'I(U_J^2)'","'I(T1_I^3)': 'I(T1_I^2)': 'I(T1_J^3)': 'T1_I'",0.503732162922,0.795856447435,0.807656604022,0.946059254515,2.64738012059,1.66642883355,1.82763328794,0.939252944442
atax2,1537463429,0.117,0.56,0.424,0.397,"'RT_I': 'ACOPY_x': 'T1_K': 'I(U_K^2)': 'U_I': 'T2_J': 'I(T2_I^3)'","'VEC2': 'I(T1_I^3)': 'SCR': 'ACOPY_y': 'I(T1_I^2)'","'I(T1_J^3)'","'U_J': 'I(U_J^2)': 'I(U_J^3)': 'I(U1_I^2)': 'VEC1'",0.486202349498,0.79249428885,1.3277161091,1.38203487663,1.6617747246,1.51892947441,1.65796284704,1.38003755945
atax2,1537463416,0.097,0.312,0.524,0.465,"'I(T1_K^2)': 'I(RT_K^2)': 'I(T1_J^3)': 'T2_K': 'T1_K': 'T2_J': 'U_I': 'I(U_I^2)': 'I(U_K^3)': 'I(T2_K^2)': 'I(U1_I^2)'","'RT_I': 'U_J': 'SCR': 'I(U_J^3)'","","",0.538715009983,0.483838575723,0.961971665137,0.895967580867,1.06593057002,1.20061745462,1.02955240232,0.989351493738
atax2,1537463395,0.105,0.112,0.095,0.104,"","",,,0.541463967173,0.473745432263,0.473051528973,0.503555686388,1.35260932628,0.838125799019,,
atax2,1537463411,0.11,0.104,0.18,0.146,"","'T2_J': 'I(RT_J^2)': 'I(T2_J^3)': 'I(U_I^2)': 'I(RT_K^2)'","'I(RT_I^2)'","",0.505214610765,0.476097917722,0.49194079086,0.794120126012,1.12659516324,1.24844770834,1.32011862056,0.67588921659
atax2,1537463422,0.099,0.111,0.07,0.137,"","'I(RT_J^2)': 'T2_K'",,,0.459283890293,0.499909357314,0.476120038206,0.463085035185,0.779776609639,0.556254345326,,
atax2,1537535217,0.107,0.1,0.11,0.138,"","","'I(RT_I^2)': 'RT_I': 'I(T1_K^2)': 'ACOPY_x': 'T1_K': 'U_J': 'I(T1_K^3)': 'I(U_I^2)': 'I(T1_I^2)'",,0.465820291919,0.491687506667,0.512486653808,0.530696809851,1.02397856439,0.647600862846,0.679288038796,
atax2,1537463402,0.13,0.077,0.152,0.136,"","'T2_K': 'I(RT_I^2)': 'I(T1_K^2)': 'I(T2_K^2)': 'RT_I': 'U1_I'","","'SCR': 'I(U_I^2)': 'I(T1_I^2)': 'I(T1_J^2)': 'VEC2': 'I(RT_J^3)': 'RT_J': 'I(T1_J^3)': 'T2_J': 'T1_J': 'I(T2_I^3)': 'I(U_I^3)': 'I(RT_K^3)': 'I(U_J^3)': 'U_K': 'T1_I': 'RT_K': 'U_I': 'I(U_K^2)'",0.460330639334,0.464295938187,0.502262434637,0.50059117999,0.603596877169,0.818043325534,0.603361507455,0.582262525413
hessian,1537896995,0.258,0.24,0.298,0.284,,,,,0.945499531799,1.03384199189,0.940660880119,0.936689176109,,,,,
hessian,1537896995,0.195,0.274,0.296,0.386,,,,,1.03268815475,0.965621095535,1.02111034398,1.01256293728,,,,,
hessian,1537896988,0.285,0.255,0.347,0.302,,,,,0.982197059287,0.978550733207,1.0466389743,1.0554808223,,,,,
hessian,1537896980,0.261,0.203,0.288,0.275,,,,,0.990794273277,0.941638907526,1.05114804489,1.0166907706,,,,,
hessian,1537896981,0.201,0.299,0.315,0.206,,,,,1.04724747353,0.958324945327,1.00559353209,0.951600628094,,,,,
hessian,1537896987,0.251,0.194,0.317,0.306,,,,,0.95751505375,0.947657033087,1.05284192639,1.02891896218,,,,,
hessian,1537896993,0.325,0.256,0.298,0.209,,,,,0.95619463586,0.960478521543,1.08428502217,1.02920831147,,,,,
hessian,1537896988,0.278,0.265,0.175,0.269,,,,,0.998141580548,0.945756797631,1.00702064101,1.00225767195,,,,,
hessian,1537896998,0.252,0.315,0.269,0.283,,,,,1.07140644018,1.17254495721,0.960909257045,0.985730238506,,,,,
hessian,1537896981,0.189,0.276,0.302,0.215,,,,,1.05342914223,1.03246827788,1.0973797072,0.962700056904,,,,,
tensor,1538471197,0.117,0.118,0.493,0.351,"'I(T1_Ia^2)': 'OMP': 'I(T1_I^2)': 'U1_I': 'T1_Ia': 'SCREP': 'I(T1_K^2)'","'I(T1_M^2)': 'I(U1_J^3)': 'I(T1_Ja^3)': 'I(T1_La^3)': 'I(T1_La^2)': 'I(T1_J^2)': 'I(U1_K^2)': 'T1_Ma': 'I(T1_L^3)'","","",0.0502264476085,0.0360570418739,0.037298082025,0.0388025311659,0.0466404680751,0.0395565643728,0.0395004756083,0.0398775342731
tensor,1538763432,0.099,0.158,0.353,0.439,"'OMP': 'I(U1_J^2)': 'I(T1_M^2)': 'I(T1_M^3)'","'I(T1_Ia^2)': 'I(T1_I^2)': 'I(T1_Ia^3)': 'T1_La': 'SCREP': 'I(U1_I^2)': 'T1_Ia': 'I(U1_M^2)': 'I(U1_I^3)': 'T1_K'","'I(U1_K^2)': 'U1_L'","'I(T1_L^3)'",0.0508353073878,0.0410893289168,0.0458421817874,0.0487395041052,2.10006862832,0.0828264309257,0.0488231915344,0.0483745310065
tensor,1538763445,0.102,0.103,0.415,0.468,"'I(U1_I^2)': 'I(T1_I^2)': 'I(T1_Ia^2)'","'OMP': 'I(T1_K^2)': 'I(T1_L^2)': 'I(T1_M^2)': 'T1_L': 'U1_J': 'I(U1_J^3)'","'SCREP': 'U1_M'","'I(U1_L^2)': 'U1_L': 'U1_K': 'I(T1_Ka^2)': 'T1_La': 'I(T1_Ja^2)'",0.040004774759,0.043568794325,0.0400864537944,0.0450002141712,0.615161770684,0.0674903161,0.0556722205611,0.0453511610601
tensor,1538471193,0.106,0.072,0.392,0.477,"'I(T1_I^2)': 'U1_I'","'OMP': 'I(U1_L^2)': 'I(T1_M^2)': 'I(U1_L^3)': 'SCREP': 'U1_K': 'I(T1_K^2)': 'I(T1_Ia^2)': 'I(T1_J^3)'","'U1_J': 'I(U1_J^3)': 'I(U1_M^2)': 'I(U1_J^2)': 'T1_Ka'","",0.0421725876887,0.0381311257162,0.0388681401069,0.038188275071,1.18839067291,0.0470481906312,0.0394506473599,0.0401308066551
tensor,1538471192,0.095,0.429,0.463,0.451,"'OMP': 'U1_J': 'T1_I': 'T1_Ja': 'I(U1_L^2)': 'U1_I': 'I(T1_Ia^2)': 'SCREP': 'I(T1_Ma^3)': 'I(U1_M^3)': 'I(U1_M^2)': 'T1_La': 'I(T1_I^2)'","'I(T1_J^2)': 'I(T1_J^3)'","","",0.0498848084589,0.0464526174452,0.0461467567971,0.046268042017,0.0487845632408,0.0536789429779,0.0465618623963,0.0481785994205
tensor,1538763447,0.099,0.262,0.873,,"'I(T1_I^2)': 'I(T1_Ia^2)': 'I(T1_M^2)': 'SCREP': 'I(T1_M^3)': 'OMP': 'T1_I': 'I(T1_J^2)'","'U1_J': 'I(T1_Ma^2)': 'I(T1_La^3)': 'I(U1_J^3)': 'T1_K': 'I(T1_L^2)': 'I(T1_K^3)': 'I(U1_J^2)': 'I(U1_I^3)': 'I(U1_M^2)': 'U1_L': 'VEC'","'U1_K': 'T1_Ka': 'I(T1_Ka^2)': 'I(T1_Ka^3)': 'T1_Ja'",,0.0459149505107,0.0400714497987,0.043888457383,,0.0482925302655,0.044563899007,0.0449625599437,
tensor,1538471199,0.12,0.211,0.218,0.246,"'U1_I': 'I(T1_La^3)': 'I(T1_M^3)': 'SCREP': 'I(T1_I^2)': 'I(U1_M^2)': 'T1_J': 'I(T1_Ma^2)': 'I(T1_J^2)': 'OMP': 'I(U1_I^2)'","'I(T1_Ia^2)': 'T1_Ia': 'I(U1_L^3)'","'I(T1_L^3)'","'U1_K': 'I(U1_J^2)'",0.0407261445229,0.0390519587222,0.041037577459,0.0427165121865,0.0467175460236,0.0554508223418,0.0417847139192,0.0446065430125
tensor,1538763434,0.094,0.39,0.58,0.59,"'OMP': 'SCREP': 'T1_Ia': 'U1_I': 'I(T1_M^3)': 'I(T1_I^2)': 'I(T1_Ja^3)': 'T1_La': 'T1_M': 'I(T1_M^2)': 'I(U1_L^2)': 'I(U1_K^3)': 'I(U1_K^2)': 'I(U1_J^2)': 'U1_M': 'I(T1_Ma^2)'","'T1_L'","'I(T1_J^3)': 'T1_J'","",0.0501486741045,0.527311364672,0.527347101112,0.588411849447,0.527272475015,0.536730018968,0.585466536082,0.590094825595
tensor,1538763433,0.092,0.12,0.225,0.199,"'OMP': 'I(T1_I^2)': 'U1_I': 'I(T1_Ia^3)'","'I(T1_M^2)': 'I(U1_L^3)'","'SCREP': 'I(U1_M^3)': 'U1_K': 'I(U1_K^2)'","'I(T1_J^2)': 'I(U1_J^3)': 'I(T1_J^3)'",0.0497256033194,0.0386875768054,0.0410542770891,0.0400663943658,0.0645702345315,0.0715651524417,0.0667922399298,0.0467667075174
tensor,1538763447,0.07,0.632,0.612,0.547,"'OMP': 'I(T1_Ia^2)': 'T1_Ka': 'I(T1_La^2)': 'I(T1_I^2)': 'I(T1_J^2)': 'I(T1_K^2)': 'I(U1_I^2)': 'I(U1_J^2)': 'I(U1_K^2)': 'I(T1_Ma^2)': 'I(T1_Ka^2)'","'I(T1_M^3)': 'I(T1_M^2)': 'T1_M'","'U1_M'","'I(T1_L^3)': 'T1_L': 'I(T1_L^2)'",0.0465466376464,0.0409934191536,0.0405369245754,0.040905921206,0.086359948729,0.0783002356894,0.0478006627728,0.0474567045986
tensor,1538471197,0.092,0.169,0.354,0.497,"'I(T1_I^2)': 'I(T1_Ia^2)': 'I(U1_I^2)': 'I(T1_Ka^3)': 'SCREP': 'I(T1_L^2)': 'OMP': 'T1_L'","'I(U1_K^2)': 'I(T1_M^2)': 'I(U1_J^3)': 'I(U1_M^2)': 'U1_L'","'I(T1_J^2)'","'I(T1_La^2)': 'T1_Ma': 'I(T1_K^3)'",0.0482867507831,0.046275378007,0.0443156920274,0.0434867492703,0.0662222372567,0.0827434595192,0.0444086232066,0.0449445900733
tensor,1538763445,0.065,0.105,0.442,0.717,"'OMP': 'I(T1_Ia^2)': 'I(U1_I^2)': 'I(T1_Ma^2)': 'I(T1_I^2)': 'I(T1_M^3)': 'SCREP': 'VEC'","'I(U1_K^2)': 'U1_J': 'I(U1_L^2)': 'I(T1_J^2)': 'I(U1_L^3)'","'U1_M': 'I(U1_M^2)': 'I(T1_L^2)': 'I(T1_L^3)': 'I(T1_La^3)': 'T1_K'","",0.0435910985109,0.045387261523,0.0444186610605,0.0438868787658,0.0826780009862,0.0471276819799,0.0463891141432,0.0451193105075
tensor,1538471198,0.107,0.276,0.647,0.268,"'OMP': 'I(T1_I^2)': 'I(T1_Ia^2)': 'SCREP': 'T1_M': 'I(T1_I^3)': 'I(T1_K^2)': 'U1_L': 'U1_I': 'VEC'","'I(U1_K^2)': 'I(U1_K^3)': 'I(T1_L^3)': 'U1_J': 'U1_M': 'T1_Ma': 'I(T1_L^2)': 'T1_Ja': 'I(U1_M^2)': 'I(T1_J^2)'","","",0.0474183026441,0.040739125047,0.0417376191146,,0.0592672179317,0.0431656504599,0.0417376191146,0.0423711818734
tensor,1538763444,0.111,0.161,0.152,0.186,"'OMP': 'I(U1_I^2)': 'I(T1_M^2)': 'I(T1_Ma^2)': 'I(T1_Ia^2)': 'SCREP': 'T1_M'","'I(T1_I^2)': 'I(U1_K^2)'","","'I(T1_L^3)'",0.0463158946044,0.0404608298807,0.0390232727816,0.0392844594758,0.0446393964657,0.049560501137,0.0490741034717,0.0437395618363
tensor,1538471186,0.088,0.318,0.212,0.51,"'I(T1_I^2)': 'OMP': 'T1_Ja': 'U1_J': 'I(U1_I^2)': 'SCREP': 'I(T1_M^2)': 'I(U1_K^2)'","'I(T1_Ia^2)': 'I(U1_L^2)': 'U1_M'","'I(T1_L^3)'","",0.0491314019479,0.0430494187665,0.042428728894,0.0425047205845,0.0723135960188,0.0432506412324,0.0428338427817,0.0426343856095
tensor,1538763446,0.094,0.356,0.397,0.47,"'I(T1_Ia^2)': 'I(T1_I^2)': 'OMP': 'SCREP': 'T1_K': 'I(U1_M^3)': 'I(U1_J^2)': 'T1_J': 'I(T1_M^2)': 'I(T1_Ma^2)': 'T1_Ja': 'U1_I'","'U1_K'","'I(T1_L^2)': 'U1_L': 'I(U1_L^3)': 'I(U1_L^2)': 'I(T1_La^3)'","",0.0438294260861,0.039108808665,0.0380703947958,0.0365604448891,0.0416986820795,0.0374997318906,0.0386708966965,0.0377832549192
tensor,1538763448,0.091,0.225,0.133,0.25,"'I(T1_Ia^2)': 'OMP': 'I(T1_M^2)': 'T1_Ia': 'VEC': 'U1_I': 'SCREP': 'T1_L': 'T1_K'","'I(T1_I^2)'","","",0.0420310654858,0.0377300494234,0.0395726094626,0.0391991124507,0.215351962929,0.044535399518,0.0432501427514,0.0459981157021
tensor,1538471194,0.092,0.183,0.779,0.779,"'I(T1_I^2)': 'I(U1_I^2)': 'I(T1_Ia^2)': 'I(T1_M^2)': 'I(T1_Ka^2)': 'OMP': 'T1_M': 'I(T1_M^3)': 'I(T1_J^3)': 'U1_I': 'SCREP'","'I(U1_K^2)': 'I(U1_L^3)': 'U1_M': 'I(U1_M^3)': 'I(T1_La^2)': 'VEC': 'U1_J': 'I(T1_Ma^3)': 'I(T1_L^3)': 'I(T1_K^3)'","","",0.0437392464446,0.0403583454311,0.0427032505982,,0.0391891483184,0.0428315791596,0.0427032505982,
tensor,1538471196,0.081,0.148,0.461,0.686,"'I(T1_Ia^2)': 'OMP': 'SCREP': 'I(T1_I^2)': 'I(U1_I^2)': 'U1_I': 'I(T1_Ma^2)'","'U1_J': 'I(T1_L^2)'","'I(T1_J^3)': 'I(U1_M^2)': 'I(T1_J^2)'","'I(T1_M^3)': 'VEC': 'I(T1_M^2)': 'T1_La'",0.0369558158662,0.0383371997679,0.0399235216679,0.0386717275515,0.0452882437883,0.0472988590157,0.041512087187,0.0411589248992
dgemv,1537534813,0.004,0.03,0.013,0.171,"'SCR': 'I(U1_I^2)': 'I(T7_J^2)': 'U1_I': 'I(T1_Ia^2)': 'I(U7_I^2)': 'I(U1_J^2)'","'I(RT7_J^2)': 'I(T5_J^2)': 'I(T3_Ia^2)': 'I(T5_J^3)': 'U2_I': 'I(RT3_I^2)': 'T5_J': 'I(T1_Ja^2)'","'RT7_I': 'I(RT7_I^2)': 'I(T3_J^2)': 'I(RT5_J^2)': 'I(U5_J^2)': 'I(RT7_I^3)': 'I(U3_J^2)': 'I(U3_I^2)': 'RT5_J': 'I(U8_I^3)': 'I(T1_I^2)': 'I(T7_Ia^2)': 'I(U10_I^2)': 'RT3_J': 'RT5_I': 'I(T7_I^2)': 'T3_J': 'I(T1_I^3)'","'I(RT1_I^2)': 'VEC10': 'VEC3': 'RT1_J': 'I(T3_I^2)': 'I(T1_J^3)': 'I(U6_I^2)': 'I(RT1_J^3)': 'RT1_I': 'T3_I': 'VEC1': 'I(T1_J^2)': 'T1_J'",0.639855428943,0.535640953491,0.561167312976,0.612153846332,0.820148526712,0.679867535879,0.610713631876,0.627825129091
dgemv,1537463284,0.006,0.048,0.035,0.147,"'SCR': 'I(U7_I^2)': 'I(U8_I^2)': 'T1_Ia': 'I(T3_Ia^2)': 'I(RT1_I^3)': 'I(T5_Ja^3)': 'VEC4': 'I(RT7_I^2)': 'I(RT3_I^2)': 'RT7_J': 'I(RT1_J^2)': 'I(T3_I^3)': 'I(U1_I^2)': 'I(U7_J^2)': 'I(T1_I^2)': 'T3_J': 'I(RT1_I^2)': 'I(T1_Ia^3)': 'I(U5_J^2)': 'I(U1_I^3)': 'VEC6': 'I(T1_I^3)': 'I(T5_J^2)': 'T5_Ia': 'RT3_I': 'U1_J': 'U7_I': 'T5_J': 'I(T1_J^2)': 'U6_I': 'I(U2_I^2)': 'RT3_J': 'I(T1_Ja^2)'","","'I(T7_Ja^3)': 'VEC3': 'VEC7': 'U3_I': 'I(U3_I^2)': 'T7_Ia': 'I(RT5_I^2)': 'I(T7_I^2)': 'I(U5_I^2)': 'U5_I': 'I(T3_Ja^2)': 'I(T7_Ia^3)': 'VEC5': 'U3_J': 'T7_I': 'U9_I': 'T7_Ja'","'I(T7_J^3)': 'VEC2': 'I(T7_J^2)': 'I(U10_I^3)': 'T7_J': 'VEC8': 'RT5_J': 'VEC1': 'I(U4_I^2)'",0.613693410922,0.576058848305,0.588738549015,0.619746405986,0.598531115089,0.643781472787,0.72721532806,0.598325941938
dgemv,1537463283,0.006,0.014,0.07,0.07,"'SCR': 'I(RT5_J^2)': 'I(T5_Ja^3)': 'I(T7_Ja^3)': 'VEC7': 'I(U3_I^2)': 'I(U2_I^3)': 'RT7_I': 'I(T1_Ia^2)': 'I(U8_I^2)': 'T3_J': 'I(T7_J^2)': 'I(T5_I^2)': 'I(T7_Ia^2)': 'VEC6': 'I(T3_Ja^2)'","'I(T1_J^2)': 'I(RT7_J^2)': 'I(RT3_I^2)': 'I(U1_J^2)': 'U3_J': 'VEC1': 'I(T1_Ja^2)': 'I(U1_I^3)': 'U4_I': 'I(RT1_J^3)': 'T1_Ja': 'RT3_I': 'I(U5_I^2)'","'I(T5_J^2)': 'I(U9_I^2)': 'VEC3': 'I(T7_I^2)': 'I(RT1_I^2)': 'I(RT5_I^3)'","",0.641398923489,0.53060251392,0.515379889412,0.514891479488,0.909728012859,0.588438131523,0.578838017148,0.514490009621
dgemv,1537463281,0.003,0.055,0.17,0.207,"'SCR': 'I(T1_J^2)': 'I(T3_J^2)': 'I(T5_Ia^3)': 'I(RT3_I^2)': 'I(T7_Ja^2)': 'I(T7_J^2)': 'T7_J': 'T3_J': 'VEC10': 'I(RT5_J^2)': 'I(T1_Ja^3)': 'I(T1_I^2)': 'RT7_I': 'I(U8_I^2)': 'T3_Ja': 'I(T7_Ja^3)': 'T7_Ja': 'U6_I': 'T1_Ia': 'I(U9_I^3)': 'I(T3_Ja^2)': 'I(RT3_J^2)': 'U9_I': 'T1_J': 'U10_I': 'I(T1_I^3)': 'I(U3_J^3)': 'I(T5_Ja^3)': 'I(RT1_J^2)': 'I(RT5_I^3)': 'I(T3_Ia^2)': 'U4_I': 'I(U7_J^3)': 'RT1_I': 'I(RT1_J^3)': 'I(T5_Ia^2)'","'VEC7': 'VEC8': 'VEC4': 'I(T5_J^2)': 'T5_J': 'RT7_J': 'VEC2': 'U1_I': 'T3_I': 'I(U5_J^3)': 'I(U3_I^3)': 'I(T3_I^2)'","","",0.623373192285,0.644504066729,0.612002001986,0.613431051554,0.773877407768,0.792514321486,0.785556178809,0.766765087339
dgemv,1537463276,0.004,0.153,0.147,,"'SCR': 'I(T7_J^2)': 'I(U4_I^2)': 'I(RT3_I^2)': 'I(T1_I^2)': 'I(RT7_I^2)': 'I(U7_J^2)': 'I(RT3_J^2)': 'I(T1_J^2)': 'I(U7_I^2)': 'T7_J': 'T3_I': 'I(RT1_J^2)': 'U1_I': 'I(T5_I^2)': 'RT1_I': 'I(U1_J^3)': 'I(T1_I^3)': 'I(T1_Ia^3)': 'I(U7_J^3)': 'T1_J': 'I(U2_I^2)': 'VEC10': 'I(RT1_I^2)': 'VEC8': 'I(RT3_I^3)': 'I(U6_I^2)': 'I(RT7_I^3)': 'U4_I': 'I(T5_Ia^2)': 'I(U6_I^3)': 'T1_I': 'I(T3_J^2)': 'I(U5_J^2)': 'I(U1_I^2)': 'I(RT7_J^2)': 'I(T5_J^2)': 'U5_I': 'I(U2_I^3)': 'RT3_I': 'I(RT5_I^2)': 'I(T3_J^3)': 'VEC2'","'U3_I': 'I(U3_I^2)': 'VEC7': 'I(T7_I^2)': 'T3_Ia': 'T7_I': 'T1_Ja': 'U3_J': 'I(RT5_J^2)': 'I(T3_Ja^2)': 'I(U3_I^3)': 'T5_Ja'","'VEC3': 'VEC1': 'I(U9_I^2)': 'I(U8_I^2)': 'I(T7_Ja^3)': 'I(T7_Ia^2)': 'I(U10_I^2)': 'T7_Ja': 'VEC4': 'I(T7_Ia^3)': 'U8_I': 'VEC5': 'VEC6': 'I(U8_I^3)': 'VEC9': 'I(U10_I^3)': 'I(T7_Ja^2)'",,0.548409546052,0.709958422389,0.70479818486,,0.760540516689,0.747662372146,0.707197935286,
dgemv,1537567075,0.006,0.046,0.064,0.066,"'SCR': 'T7_Ia': 'U7_I': 'I(RT7_I^2)': 'RT3_I': 'RT1_I': 'RT5_I': 'I(T5_I^2)': 'I(T7_J^3)': 'I(U2_I^3)': 'I(T3_Ia^2)': 'I(U2_I^2)': 'VEC4': 'I(U5_J^2)': 'I(T1_J^2)': 'VEC6': 'I(RT5_J^2)'","'I(RT7_J^2)': 'U7_J': 'I(U7_J^2)': 'I(T3_J^2)': 'I(T7_I^2)': 'VEC7': 'I(RT7_J^3)': 'I(T5_J^2)': 'I(U3_J^2)'","'I(T7_Ja^3)': 'I(T7_Ja^2)': 'I(U10_I^3)': 'T1_Ja': 'U9_I': 'U1_I'","",0.597142398148,0.639163700482,0.639427318318,0.640763214279,0.828399111983,0.649243114871,0.641545164393,0.642494730547
atax2,1537535217,0.107,0.1,0.11,0.138,"","","'I(RT_I^2)': 'RT_I': 'I(T1_K^2)': 'ACOPY_x': 'T1_K': 'U_J': 'I(T1_K^3)': 'I(U_I^2)': 'I(T1_I^2)'",,0.465820291919,0.491687506667,0.512486653808,0.530696809851,1.02397856439,0.647600862846,0.679288038796,
dgemv,1537535101,0.005,0.095,0.461,0.27,"'SCR': 'I(T1_Ia^2)': 'I(T5_J^2)': 'I(T1_J^2)': 'I(U2_I^2)': 'I(RT3_I^3)': 'VEC7': 'I(U5_J^2)': 'VEC3': 'I(T3_Ja^2)': 'I(U6_I^2)': 'I(U5_I^3)': 'RT5_I': 'I(U9_I^2)': 'I(U10_I^2)': 'I(RT1_J^2)': 'I(T7_J^2)': 'I(T5_I^2)': 'I(U1_J^2)': 'I(U7_J^2)': 'I(RT7_I^3)': 'U3_I': 'I(T7_Ia^3)': 'I(T7_I^3)': 'RT3_J': 'I(RT5_I^3)': 'I(U7_I^3)'","'I(RT7_J^2)': 'RT1_I': 'I(RT1_I^2)': 'I(T5_Ia^2)': 'VEC10': 'I(U8_I^2)': 'I(T1_I^2)': 'RT7_J': 'I(T3_J^2)': 'I(T1_Ja^2)': 'U8_I': 'T1_Ja': 'VEC2': 'U4_I': 'I(T3_I^2)': 'VEC1': 'I(T5_Ia^3)': 'RT5_J'","","",0.578836357171,0.541291424773,0.553186431768,0.552319091535,0.62105193992,0.553010180812,0.553983039711,0.555310333099
dgemv,1537535040,0.004,0.018,0.207,0.605,"'SCR': 'I(T7_J^2)': 'I(T7_Ia^2)': 'T7_J': 'I(U3_J^2)': 'I(U7_J^2)': 'I(T1_Ia^2)': 'I(U1_I^2)': 'I(T7_I^2)': 'T3_Ia': 'I(T5_Ia^2)'","'I(RT7_I^2)': 'T5_J': 'RT5_I': 'I(RT7_J^2)': 'U5_J': 'U7_I': 'I(U3_I^2)': 'U3_I': 'U4_I': 'T1_I': 'VEC10': 'I(T1_I^2)': 'I(T1_Ja^3)': 'I(RT7_J^3)': 'I(U8_I^2)': 'I(U7_I^2)': 'I(U5_I^3)': 'I(RT5_J^2)': 'RT7_J': 'I(T1_J^2)': 'I(T3_J^2)': 'I(RT3_J^2)': 'I(U5_J^3)': 'RT5_J': 'I(U6_I^2)': 'U9_I': 'I(T3_I^2)': 'I(RT1_I^3)': 'I(U2_I^3)': 'I(RT1_J^3)': 'VEC9': 'I(T5_J^2)': 'I(T1_Ja^2)': 'I(U5_I^2)': 'I(T1_I^3)'","'I(RT3_I^2)': 'I(T7_Ja^2)': 'VEC3': 'RT3_I': 'VEC7': 'I(RT3_I^3)': 'VEC2': 'I(T5_I^2)': 'T5_I': 'VEC6': 'VEC1': 'I(U10_I^3)': 'U10_I'","",0.629739601033,0.554509495537,0.675271241675,0.672551769146,0.910119770457,0.857571782438,0.677229462937,0.675998857157
dgemv,1537534953,0.01,0.009,0.074,0.079,"'SCR': 'U3_I': 'I(RT3_I^2)': 'I(RT1_I^2)': 'I(T1_J^2)': 'I(RT7_I^2)': 'I(T1_Ja^3)': 'I(T5_Ja^2)': 'I(U3_J^2)'","'I(T3_J^2)': 'I(RT7_J^2)': 'I(T7_J^2)': 'T5_J': 'I(T1_I^3)': 'T5_I': 'I(T1_I^2)': 'U1_I': 'VEC2'","'U7_I': 'I(U7_J^2)': 'T3_I': 'RT5_I': 'I(U7_I^3)': 'T3_Ia': 'I(T5_Ia^2)': 'I(RT3_J^2)': 'I(RT5_I^3)': 'I(RT5_I^2)': 'VEC10': 'T7_Ja': 'VEC4': 'I(T1_Ia^2)': 'VEC7': 'I(U2_I^3)': 'I(T3_Ia^2)': 'I(U2_I^2)': 'U6_I': 'I(U4_I^3)': 'I(T3_I^2)': 'I(T7_Ia^2)': 'U10_I': 'I(RT5_J^3)': 'I(RT1_J^2)': 'RT3_J': 'T7_Ia'","",0.592163445617,0.640526141491,0.587703709028,0.623538104065,1.16358047948,0.790185256245,0.622248602202,0.63452572647
dgemv,1537463282,0.006,0.014,0.053,0.239,"'SCR': 'I(RT1_I^2)': 'I(T7_J^2)': 'I(T7_Ia^2)': 'I(RT3_I^2)': 'I(U5_J^2)': 'RT1_I': 'I(T1_J^2)': 'VEC6': 'I(RT1_J^2)': 'I(T7_I^3)': 'I(T3_I^2)': 'I(T1_Ja^2)': 'I(T7_Ia^3)': 'T7_J': 'U5_I': 'I(RT7_I^2)': 'I(U5_I^3)': 'I(U3_I^2)'","'I(RT7_J^2)': 'I(T1_I^2)': 'I(RT5_I^2)': 'I(U9_I^2)': 'T5_J': 'VEC7'","'I(T3_J^2)': 'I(U7_J^2)': 'RT5_J': 'I(T3_J^3)': 'U7_J': 'I(U1_J^2)': 'I(T7_Ja^2)': 'I(U7_I^2)': 'I(T3_Ia^2)': 'I(T5_Ia^2)': 'I(T3_Ja^2)': 'U2_I': 'I(U10_I^2)'","",0.590152203636,0.566619051805,0.592402712537,0.593046655466,0.682550075953,0.622975480992,0.594889811413,0.593263110124
seidel,1538763579,0.112,0.268,0.25,0.177,"'I(RT1_J^2)': 'OMP': 'RT1_I': 'I(T1_T^2)': 'T1_Ta': 'I(U1_T^3)'","","","",0.0399413592179,0.0243859977356,0.0205703496079,0.0190428759803,0.0281111440959,0.054521705512,0.028892749641,0.0309046655805
seidel,1538763575,0.111,0.112,0.198,0.14,"'SCR': 'I(U1_T^2)': 'OMP': 'T1_Ta': 'I(T1_Ta^2)': 'T1_T'","'RT1_T'","",,0.0432778999161,0.0319243807968,0.0309572352536,0.0272522194596,0.103481028061,0.0763662547562,0.062218220366,
seidel,1538763576,0.124,0.217,0.237,0.201,"'SCR': 'I(RT1_I^2)': 'I(T1_T^3)': 'RT1_I'","'OMP': 'I(T1_J^3)'","","'I(T1_Ta^2)'",0.0373439023691,0.0249388202018,0.0312261469206,0.0202575395597,0.0501210409696,0.17395052664,0.178273275404,0.0433303888603
seidel,1537910970,0.12,0.379,,,"'SCR': 'VEC': 'I(T1_Ja^2)': 'I(RT1_J^2)': 'I(RT1_I^3)': 'RT1_T': 'U1_T': 'T1_I': 'I(T1_Ta^3)': 'T1_Ia': 'I(RT1_T^2)': 'I(RT1_T^3)': 'I(T1_I^2)': 'I(RT1_I^2)'","'U1_I': 'I(T1_T^2)': 'I(T1_J^2)': 'OMP': 'U1_J': 'I(T1_J^3)'",,,0.0394107033319,0.0264919253646,,,0.299206223457,0.0243322559789,,
seidel,1537910954,0.108,0.129,0.138,0.145,"'SCR'","'RT1_I'","","",0.0320760267932,0.0328704541414,0.0196498659823,0.0495126518594,0.366160224094,0.402196061104,0.334653719963,0.0391487415451
seidel,1538763571,0.102,0.092,0.128,0.145,"","","'U1_I': 'T1_T'",,0.0500899053655,0.0643808024688,0.0396516628782,0.0240819901033,6.53334990257,0.145006532767,0.374018057015,
seidel,1537910963,0.096,0.133,0.136,0.152,"","","'RT1_I': 'SCR': 'U1_J'","",0.025080626872,0.0341262905218,0.0218678889481,0.0312915142526,0.554981779345,0.477679050683,0.958755769356,0.262413604203
seidel,1537910958,0.165,0.155,0.136,0.215,"'SCR': 'OMP': 'I(T1_Ja^2)'","","'I(T1_Ta^2)': 'I(RT1_J^3)': 'I(T1_J^2)': 'T1_T': 'I(T1_T^3)': 'I(RT1_I^3)'",,0.0476803948446,0.0343121372677,0.0351132661842,0.16242120557,0.0317232684038,0.0545518249102,0.936688992546,
seidel,1537910950,0.127,0.283,0.186,0.235,"'I(RT1_T^3)': 'OMP': 'U1_T'","'SCR': 'I(T1_T^2)': 'I(T1_Ta^2)': 'I(T1_Ta^3)'","",,0.0374786408132,0.0281914237398,0.104419645585,0.0938012362457,1.3913417929,0.113880304329,0.117796911768,
seidel,1538763577,0.126,0.107,1,,"","'SCR': 'I(T1_I^2)': 'OMP': 'I(T1_Ta^2)': 'RT1_J': 'I(U1_J^2)': 'RT1_T': 'I(U1_I^2)': 'VEC': 'I(RT1_I^2)': 'I(T1_T^3)': 'I(T1_J^2)': 'T1_T'",,,0.0696304647393,0.0471156042108,,,0.170161025304,inf,,
seidel,1538763574,0.106,0.882,0.417,,"'I(T1_Ta^3)': 'I(RT1_I^2)': 'U1_T': 'RT1_J': 'I(T1_T^3)': 'OMP': 'I(U1_I^3)': 'T1_Ta': 'U1_I': 'I(T1_J^2)': 'I(T1_I^3)': 'I(T1_J^3)'","'SCR': 'RT1_T': 'I(RT1_T^2)': 'I(RT1_T^3)'","'VEC': 'I(T1_Ja^2)': 'T1_Ia'",,0.0344773627833,0.20490466987,0.220100326794,,0.443180080451,0.237346704256,0.221343745264,
seidel,1538763558,0.103,0.124,0.143,0.163,"","","'RT1_I': 'SCR': 'I(RT1_T^2)'","'I(T1_Ta^2)'",0.0433054932764,0.0233079061964,0.058932964664,0.0258353242512,inf,0.0448752030184,0.617778974457,0.14387903642
seidel,1538763573,0.12,1,1,1,"'RT1_I': 'SCR': 'I(U1_T^3)': 'I(U1_T^2)': 'I(T1_Ja^3)': 'I(RT1_I^2)': 'OMP': 'I(T1_Ta^2)': 'I(RT1_J^2)': 'T1_I': 'U1_T': 'I(T1_Ta^3)': 'I(T1_Ia^2)': 'I(T1_J^2)': 'U1_I': 'T1_Ia': 'I(T1_I^3)': 'I(T1_T^2)': 'U1_J': 'I(RT1_I^3)': 'T1_J': 'RT1_T': 'I(RT1_J^3)': 'RT1_J': 'T1_Ja'",,,,0.0329708438718,0.379183622888,,,0.387551127559,,,
seidel,1538763565,0.107,0.288,0.199,0.359,"'T1_Ja': 'I(T1_J^2)': 'SCR': 'RT1_J': 'I(T1_J^3)': 'I(U1_T^3)': 'T1_Ia': 'I(T1_Ja^3)': 'I(RT1_I^3)': 'RT1_I'","","","",0.0257776525116,0.0256744402634,0.020576252277,0.0235823314439,0.228125199564,0.180437205703,0.0279967400118,0.240266757061
seidel,1537910953,0.112,0.129,0.223,0.203,"'I(U1_T^2)'","'I(T1_Ja^3)': 'OMP': 'I(U1_J^3)': 'I(T1_I^3)': 'VEC': 'T1_I': 'I(RT1_J^2)'","'T1_T'","'I(T1_Ta^2)': 'RT1_I': 'I(U1_I^2)'",0.0400013289972,0.0326548532045,0.040419051814,0.038335943576,0.327959512876,inf,0.0886648617618,0.0509615899087
seidel,1538763579,0.076,0.127,0.137,0.191,"","","'I(T1_Ta^2)'","",0.0362092507713,0.0346529044926,0.0338171772424,0.0224193438148,0.158885142389,0.189649097008,0.0398704454308,0.937529298298
gemver,1537463527,0.06,1,1,1,"'OMP': 'VEC3': 'I(U2_I^2)': 'SCR': 'I(RT4_I^2)': 'I(U4_I^2)': 'T2_Ia': 'I(T2_I^2)': 'T4_I': 'I(T2_Ja^2)': 'I(T2_J^2)': 'RT2_I': 'I(RT2_I^2)': 'I(T4_J^2)': 'T2_J': 'U2_I': 'I(U2_J^2)': 'I(T4_Ia^2)': 'T4_J': 'T4_Ja': 'T4_Ia': 'VEC1': 'RT4_I': 'I(RT4_J^2)': 'U3_I': 'I(U1_I^2)': 'I(T4_I^2)': 'T2_Ja': 'I(RT2_J^2)': 'I(U2_J^3)': 'U1_I': 'U4_J': 'I(U4_J^2)': 'VEC2': 'I(U4_J^3)'",,,,0.301774654061,0.330296723775,,,0.3448851635,,,
gemver,1537535306,0.058,0.534,0.337,0.38,"'OMP': 'I(T2_J^2)': 'I(RT2_J^2)': 'VEC1': 'T2_Ja': 'VEC2': 'T4_J': 'I(U4_I^2)': 'T2_J': 'I(T2_I^2)': 'VEC3': 'I(U3_I^2)': 'I(U2_I^2)': 'T4_I': 'T4_Ia'","'SCR'","'I(RT4_I^2)'","",0.296464235662,0.364679177617,0.365386831175,0.360716566479,0.38799706987,0.383662672387,0.373391355431,0.373866078858
gemver,1537463522,0.071,0.101,0.497,0.306,"'OMP': 'I(RT2_J^2)': 'I(T4_J^3)': 'I(T2_J^3)': 'U3_I'","'I(T2_Ja^2)': 'RT4_I': 'I(T4_I^2)': 'I(T2_Ja^3)': 'T2_Ja': 'I(T2_Ia^3)': 'VEC1': 'I(U4_I^3)': 'I(T2_I^2)': 'I(RT2_I^3)'","'I(U1_I^2)': 'T4_Ja'","'I(U2_I^3)'",0.311036055148,0.28974273493,0.265941252093,0.280422912705,0.399616639568,0.299542378222,0.283938653023,0.295274406301
gemver,1537463523,0.067,0.114,0.164,0.219,"'OMP': 'I(RT4_I^2)': 'I(RT2_J^2)': 'U3_I': 'I(U3_I^2)': 'I(RT4_J^3)': 'RT2_J': 'VEC2': 'I(RT2_I^2)': 'U2_I': 'SCR'","'I(T2_Ia^2)': 'I(T2_Ja^2)': 'I(T2_J^2)'","'I(T4_Ia^2)': 'T4_Ia'","'I(T2_I^3)'",0.285873356694,0.273742682952,0.277802216133,0.266846969339,0.398103600955,0.283926137627,0.279564422935,0.28576303399
gemver,1537463521,0.064,0.229,0.421,0.409,"'OMP': 'U4_J': 'RT2_I': 'I(U1_I^2)': 'I(RT2_I^2)': 'I(T4_I^2)': 'I(U2_I^2)': 'I(RT2_J^2)': 'U2_I': 'I(U4_J^2)': 'I(U4_I^2)': 'U3_I'","'I(T2_J^2)': 'I(T2_Ja^2)': 'I(T4_Ia^2)': 'I(T2_Ja^3)': 'T4_Ia': 'T2_Ja': 'I(RT4_J^2)': 'T4_J'","'I(RT4_I^2)'","'T2_Ia': 'I(T4_Ja^2)'",0.285390985855,0.289425720894,0.275758591757,0.261251626714,0.391499607438,0.289796071694,0.288052336678,0.28736011113
gemver,1537463523,0.058,1,0.779,0.779,"'OMP': 'VEC2': 'U1_I': 'I(U2_J^2)': 'I(T4_Ia^2)': 'VEC3': 'U2_J': 'U3_I': 'I(U4_J^2)': 'I(T4_Ja^2)': 'I(RT2_I^2)': 'RT4_J': 'I(RT2_J^3)': 'I(T4_I^2)': 'I(T2_Ia^2)': 'I(T2_J^3)': 'RT2_J': 'T4_J': 'I(U4_I^2)': 'I(U1_I^2)': 'I(RT4_I^2)': 'I(T2_Ja^2)': 'I(T4_J^2)'","'SCR'","","",0.325794978623,0.282181626537,0.291842678899,,0.297147837802,0.298731869934,0.297335726247,0.291186862466
gemver,1537463528,0.064,0.936,,,"'OMP': 'I(T2_J^2)': 'I(U2_J^2)': 'I(T4_I^2)': 'T2_Ia': 'I(RT4_I^2)': 'SCR': 'I(T2_Ia^2)': 'I(RT2_J^2)': 'RT4_I': 'VEC3': 'I(T4_Ia^2)': 'U4_I': 'U2_J': 'T4_J': 'I(T2_I^2)': 'I(T4_Ja^2)': 'I(RT4_J^2)': 'I(RT2_I^2)': 'U3_I': 'U1_I': 'RT2_J': 'VEC4': 'VEC1': 'RT4_J'","'T2_Ja': 'I(T2_Ja^2)': 'VEC2'",,,0.281615076975,0.309875244106,,,0.309875244106,,,
gemver,1537463526,0.065,0.119,0.109,0.088,"'OMP': 'I(RT2_J^2)': 'RT2_J': 'T2_Ja': 'I(RT2_I^2)': 'I(T4_Ia^2)': 'I(T2_J^2)': 'I(RT4_I^3)': 'T2_J'",,,,0.289085872991,0.396851812062,0.381848314439,0.382878330329,inf,,,
gemver,1537463520,0.052,0.154,0.162,0.178,"'OMP': 'I(RT2_J^2)': 'I(T2_J^2)': 'I(U2_J^2)': 'U2_I': 'T2_J': 'I(U4_I^2)'","'I(T2_Ja^2)': 'I(T2_Ja^3)': 'I(T4_Ia^2)': 'T2_Ja': 'T4_I': 'I(T4_I^2)': 'I(T2_I^2)': 'T4_Ia': 'I(T4_Ia^3)': 'I(RT4_J^2)': 'VEC3'","'I(RT4_I^2)'","'I(T4_J^2)'",0.292565775636,0.294334280479,0.2849032895,0.282877262535,0.411517867052,0.292407598998,0.289087131422,0.286685299119
gemver,1537463524,0.05,0.39,0.376,0.339,"'OMP': 'I(T2_J^2)': 'I(RT2_J^2)': 'SCR': 'I(T2_Ja^2)': 'T4_Ja': 'I(U4_I^2)': 'T4_J': 'T4_I': 'I(U2_J^2)': 'I(RT2_I^2)'","'I(T4_Ia^2)': 'T4_Ia': 'I(RT4_I^2)': 'T2_I'","","",0.293977818407,0.270243272268,0.275867063195,0.277371118353,0.28511508529,0.282643616389,0.286618519515,0.280206298807
bicgkernel,1537463771,0.126,0.178,0.235,0.299,"'OMP': 'I(RT_J^2)': 'SCR'","'I(T1_I^2)': 'I(T2_I^2)'","'RT_I': 'I(RT_I^2)'","",0.097612475844,0.0999841353049,0.0938185300331,0.076973528277,0.149470859652,0.121461282013,0.100979130227,0.0936797961292
bicgkernel,1537463780,0.177,0.158,0.295,0.271,"'OMP': 'SCR'","'I(T2_I^2)': 'I(T1_I^2)': 'I(RT_J^2)': 'I(T2_I^3)': 'RT_I': 'RT_J': 'T2_I'","","",0.114157842883,0.0957730758196,0.0936815209389,0.0954571214164,0.119393209205,0.111580776872,0.0909731977556,0.0944126804004
bicgkernel,1537463775,0.09,0.129,0.528,0.324,"'OMP': 'SCR'","'I(T1_I^2)': 'I(T2_I^2)': 'RT_I': 'VEC1': 'U1_I': 'T2_I': 'U_I': 'I(U_J^2)'","","",0.111922532533,0.0927612066371,0.0907090273227,0.0791627181638,0.101114643795,0.0885311638361,0.0860405927401,0.100134407441
bicgkernel,1537463776,0.118,0.19,0.233,0.168,"'OMP': 'SCR': 'T1_I'","","","",0.102892695397,0.0988292334739,0.0979905877792,0.0922572279813,0.160819450195,0.107990610236,0.0932208551705,0.102907499702
bicgkernel,1537463780,0.185,0.239,0.308,0.475,"'OMP': 'SCR': 'I(T1_I^2)'","'RT_I': 'U_I': 'I(U_J^2)'","'I(T1_J^3)'","",0.106326884509,0.0802681660765,0.109526611453,0.104409009116,0.104624002603,0.11818463815,0.135333800991,0.118852511597
bicgkernel,1537463776,0.185,0.149,0.219,0.434,"'OMP': 'SCR'","'I(T1_I^2)'","'RT_I': 'T2_J'","'I(RT_J^2)'",0.104184726541,0.0822083575355,0.0772667096045,0.098919870551,0.158855232394,0.0957681385907,0.112884624585,0.124149909953
bicgkernel,1537463762,0.142,0.182,0.358,0.33,"'OMP': 'I(U1_I^2)': 'SCR'","'I(T1_I^2)'","'RT_I'","",0.100706812579,0.0925763643146,0.0841857973605,0.0936663649838,0.122274584231,0.0957477451632,0.121083925049,0.09910621469
bicgkernel,1537463781,0.103,0.16,0.251,0.453,"'OMP': 'I(U_I^2)'","'I(T1_I^2)'","'SCR': 'RT_I': 'I(RT_J^2)': 'T2_I': 'RT_J': 'T1_J': 'U_J': 'I(RT_I^2)': 'I(T1_J^3)'","",0.107436109156,0.0739376678413,0.0969188933294,0.0868992202764,0.15089267219,0.126284790943,0.103640539531,0.0988795590797
bicgkernel,1537463776,0.15,0.4,0.545,0.391,"'OMP': 'SCR': 'U_I'","'I(T1_I^2)': 'I(T2_I^2)': 'RT_I': 'I(T2_I^3)': 'T1_J'","","",0.116385435399,0.0952528592892,0.0959849154371,0.111429311071,0.134514198201,0.138469195438,0.119881733211,0.118787183029
bicgkernel,1537463765,0.153,0.27,0.244,0.231,"'OMP': 'SCR': 'VEC2'","'I(T2_I^2)': 'I(T1_I^2)': 'T2_I'","'RT_I': 'I(RT_J^2)'","",0.109316617779,0.0844025384373,0.0895342771113,0.108733122805,0.144013029147,0.0999645932064,0.135887662486,0.109746078512
stencil3d,1537447491,0.054,0.094,0.162,0.183,"'I(RT1_J^2)': 'I(T1_J^2)': 'I(RT1_I^2)': 'I(RT2_J^2)': 'RT2_K': 'I(T1_Ia^2)': 'I(T2_I^2)': 'I(RT2_I^3)': 'OMP1': 'I(T2_Ja^3)'","'I(T2_Ia^3)': 'I(U2_I^2)': 'I(U2_K^2)': 'T2_Ia': 'I(T2_J^2)': 'RT1_K': 'T2_J': 'I(T2_J^3)': 'I(T2_K^2)': 'VEC2': 'I(U2_J^3)'","'OMP2': 'VEC1': 'T1_K'","'U1_K'",0.496419086252,0.450491833842,0.480533865493,0.450118067435,0.619523015876,0.499559139702,0.520793762287,0.506304153824
stencil3d,1537534675,0.033,0.057,0.092,0.147,"'OMP1': 'I(RT2_J^2)': 'I(RT2_I^2)': 'U1_J': 'I(U1_K^3)': 'I(U1_I^2)': 'I(RT1_J^2)'","'I(T1_Ia^2)': 'I(T2_I^2)': 'I(T1_J^2)': 'I(T1_Ia^3)': 'I(RT1_I^2)': 'SCR': 'I(T1_I^2)'","'I(T2_J^2)': 'I(T2_Ia^2)'","'OMP2': 'I(T1_Ka^2)': 'I(RT1_K^2)': 'I(RT2_K^3)': 'I(T1_Ja^3)': 'I(T2_Ja^3)': 'I(T1_Ja^2)': 'I(U2_I^2)': 'U2_K': 'I(T2_Ka^2)': 'I(U2_K^2)': 'I(T2_Ka^3)': 'RT1_K'",0.776259040364,0.454607905494,0.65688157481,0.734936300574,0.923484756446,0.903257389515,0.916001741372,0.753925530749
stencil3d,1537447490,0.038,0.055,0.121,0.18,"'I(U1_I^2)': 'I(T1_I^2)'","'I(RT2_I^2)': 'I(T1_Ia^2)': 'I(RT1_I^2)': 'OMP1': 'I(U1_J^2)': 'T2_J': 'I(T1_K^3)'","'I(RT2_J^3)': 'I(RT1_K^2)': 'RT2_K': 'I(T2_Ia^2)': 'OMP2': 'I(U2_J^2)': 'I(U1_K^3)': 'VEC2': 'I(RT2_J^2)': 'RT2_J'","'RT1_J': 'I(U2_I^2)': 'SCR'",0.513695241422,0.548832482417,0.493077779665,0.480686358191,0.55945999095,2.67275175476,0.552590875432,0.620122649814
stencil3d,1537447488,0.043,0.053,0.05,0.143,"'I(RT1_I^2)': 'I(T1_I^2)': 'T2_Ka': 'I(RT1_J^2)'","'I(T1_Ia^2)': 'I(T2_I^2)': 'I(U1_I^2)'","'T2_K': 'I(RT2_I^2)': 'SCR': 'OMP1': 'I(T2_Ia^3)': 'I(RT2_K^2)': 'I(T2_K^2)': 'OMP2': 'I(T2_Ia^2)': 'I(T1_J^2)'","'I(U1_K^2)': 'T1_Ka': 'I(T2_J^2)': 'I(U1_J^2)': 'I(T1_Ja^2)': 'VEC2': 'T1_Ja': 'I(U1_K^3)': 'I(T1_K^2)': 'I(T1_Ka^2)': 'I(T2_J^3)': 'I(U2_K^3)': 'U1_K': 'I(T1_Ja^3)': 'I(U2_I^2)': 'I(U1_J^3)'",0.608712433123,0.682715253384,0.713675288764,0.751884020853,1.65573128003,0.959982667455,0.763933415628,0.779412390983
stencil3d,1537534766,0.04,0.155,0.417,0.34,"'I(T2_I^2)': 'T2_I': 'I(RT1_I^2)': 'RT2_I': 'I(RT1_J^2)': 'RT2_K': 'I(U2_I^3)': 'I(T2_I^3)': 'I(T2_Ja^3)': 'I(RT2_K^2)': 'I(T1_J^2)': 'T2_Ia': 'I(T1_I^2)': 'T2_K': 'T1_Ka': 'I(T1_Ja^3)': 'SCR': 'I(RT2_J^2)'","'OMP1': 'I(U1_K^3)': 'I(T2_Ka^2)': 'I(T2_J^2)': 'I(U2_K^2)': 'T2_Ka': 'I(T1_Ia^2)': 'T1_Ia': 'OMP2': 'VEC2': 'I(T1_K^3)': 'I(T1_K^2)'","","",0.657382492002,0.668269476913,0.776775583149,0.801955996042,1.35704339554,0.784946402994,0.815792810631,0.831343264923
stencil3d,1537447492,0.033,0.083,0.169,0.122,"'I(RT2_J^2)': 'T2_Ja': 'I(T1_I^2)': 'I(RT1_J^2)': 'I(T2_Ja^3)': 'I(T1_J^2)': 'I(RT1_K^3)'","'I(T2_I^2)': 'I(T1_Ia^2)': 'RT2_K': 'I(RT2_K^2)': 'U1_I': 'I(T1_Ka^2)': 'I(U1_K^2)'","'OMP1': 'I(T2_Ia^2)': 'OMP2': 'I(T2_J^2)'","'RT1_I': 'I(U2_I^2)'",0.528418463414,0.69842949422,0.659799350058,0.727706967505,0.768074478477,1.02584232674,0.770512506838,0.752078321698
stencil3d,1537447492,0.049,0.073,0.176,0.427,"'I(RT1_J^2)': 'I(T2_J^3)': 'OMP2': 'T1_K': 'I(T1_Ia^2)': 'I(T1_K^3)': 'I(U1_J^3)': 'I(RT1_J^3)': 'VEC1': 'I(RT2_K^2)': 'I(RT1_I^2)'","'U1_K': 'I(T1_J^3)': 'OMP1': 'I(T2_I^2)': 'I(RT1_K^2)': 'T2_Ja': 'RT2_I': 'I(T1_Ja^2)': 'I(U2_J^3)': 'I(RT1_K^3)': 'T2_K': 'I(RT2_I^2)'","'I(U2_K^2)': 'I(T1_I^2)': 'I(T1_I^3)': 'I(RT2_J^3)': 'I(U2_K^3)': 'I(T1_Ka^2)': 'I(U1_I^2)'","",0.42488924891,0.839727669524,0.727922923769,0.801748873202,1.11742048621,0.970135927861,0.786970390218,0.839336294608
stencil3d,1537447481,0.036,0.05,0.077,0.099,"'I(T1_I^2)': 'I(T2_I^3)': 'RT1_K': 'I(RT1_J^2)': 'I(T1_Ja^2)': 'I(T1_I^3)': 'RT1_I': 'I(T2_Ja^2)': 'SCR'","'I(T1_Ia^2)': 'OMP1': 'U2_K': 'I(T2_Ia^2)': 'I(T1_Ia^3)'","'OMP2': 'I(U1_J^2)'","'I(U1_K^2)': 'I(T1_J^3)': 'I(T1_J^2)'",0.526712392815,0.481052245663,0.681292701281,0.811974986678,0.442908266181,1.28388754395,0.868057252186,0.787199745889
stencil3d,1537447484,0.037,0.577,0.445,0.385,"'I(T2_J^3)': 'I(RT1_J^2)': 'I(T1_J^2)': 'OMP1': 'I(T2_Ia^2)': 'I(T2_Ka^3)': 'RT2_J': 'I(U2_K^2)': 'T1_I': 'T1_K': 'VEC1': 'I(U1_J^3)': 'I(T1_I^2)': 'I(RT2_K^2)': 'I(RT2_J^2)': 'U1_K': 'I(T2_Ja^2)': 'T1_Ka': 'I(T1_Ka^3)': 'RT1_I': 'I(T1_Ia^2)': 'U2_J': 'I(U2_I^3)': 'I(RT2_J^3)': 'I(T2_J^2)': 'VEC2'","'RT1_K'","","",0.447182875646,0.808302252255,0.794068520364,0.775697514693,1.22454980617,0.761186438612,0.835375266308,inf
stencil3d,1537447490,0.035,0.094,0.171,0.218,"'I(RT1_J^2)': 'I(RT1_K^3)': 'I(T2_J^2)': 'I(RT2_K^3)': 'I(T1_Ia^2)': 'I(RT2_I^2)': 'T2_Ia': 'U1_J': 'I(RT1_I^2)': 'I(U1_I^2)'","'I(U1_K^2)': 'RT2_J': 'I(T1_I^2)': 'I(U2_I^2)': 'I(T1_I^3)': 'I(U2_K^2)': 'I(T1_Ka^2)'","'I(T2_I^2)': 'I(U2_J^3)': 'OMP1': 'U2_J': 'T1_K': 'I(T2_I^3)': 'SCR'","'OMP2': 'I(T1_Ja^2)': 'I(T1_J^2)': 'I(T2_Ja^2)': 'I(T2_Ka^3)': 'I(T2_Ka^2)'",0.557701997596,0.416316522556,0.742118454265,0.651672452173,1.59339160705,1.59802327801,0.814898249621,0.707310700232
mvt,1537549980,0.206,0.173,0.295,0.347,"'OMP': 'I(T2_J^2)'","'I(T2_I^2)': 'ACOPY_A'","'VEC'","'U_I': 'I(T1_J^2)': 'PAR1i': 'U_J': 'T1_I': 'PAR1j': 'I(T1_J^3)': 'T1_J'",0.194678656176,0.105098420551,0.147374248267,0.129205033569,0.531816377936,0.218967241298,0.723927470268,0.130160163745
mvt,1537549966,0.221,0.287,0.552,0.422,"'OMP'","'I(T1_J^3)': 'ACOPY_A': 'I(T2_I^2)': 'I(T2_I^3)': 'T2_I': 'PAR1i'","","'U_I': 'I(T1_I^2)': 'I(U_J^2)'",0.180665493408,0.145885823662,0.128884758448,,0.50737401011,0.494887718292,0.156587824814,0.182826913475
mvt,1537549971,0.229,0.298,1,1,"'OMP': 'T2_J': 'I(U_J^2)': 'PAR1i': 'I(T1_I^3)'","'I(T2_I^3)': 'I(U_I^2)': 'ACOPY_A'","","'PAR1j': 'T1_J': 'SCREP': 'I(T1_J^2)': 'VEC': 'I(T1_J^3)'",0.13003675995,0.164018488682,0.385743965398,0.387450360707,0.426078430539,0.417712307994,0.387450360707,0.388957986286
mvt,1537549973,0.183,0.256,0.479,0.508,"'OMP': 'I(T2_I^3)'","'T2_J': 'T1_I': 'I(U_J^2)': 'I(U_I^2)': 'ACOPY_A': 'U_I': 'I(U_I^3)': 'VEC': 'U_J': 'PAR1j'","","",0.0997309862559,0.0889623399021,0.1062651773,,0.279341461173,0.11373351994,0.119426030961,
mvt,1537549977,0.202,0.229,0.443,0.405,"'OMP': 'I(U_I^2)'","'I(T1_I^2)': 'I(T2_I^2)'","","",0.467110357263,0.410404366177,0.44841836784,0.451288760705,0.495183445853,0.518147926088,0.483946751185,0.501337684057
mvt,1537549982,0.316,0.366,0.403,0.293,"'OMP': 'U_I': 'I(T2_J^2)': 'U_J'","","","'I(T2_I^2)'",0.179525679468,0.441136244786,0.468654705752,0.462942462489,0.524552730259,0.543559992651,0.465768494625,0.481066083077
mvt,1537549977,0.304,0.491,0.87,0.87,"'OMP': 'I(U_I^2)': 'I(T1_J^3)': 'I(T1_J^2)': 'U_I': 'ACOPY_A': 'I(U_J^2)'","'I(T1_I^2)': 'I(T1_I^3)': 'I(T2_I^3)'","","",0.117100852979,0.154201065405,0.132208391554,0.121555011664,0.485136318811,0.14021963551,0.150909363111,0.142374950469
mvt,1537549974,0.23,0.185,0.24,0.309,"'OMP'","'ACOPY_A'","'I(T1_I^3)': 'I(T1_I^2)': 'T1_I': 'T2_I': 'I(U_J^2)': 'SCREP': 'VEC'","'U_I'",0.315339385731,0.176142038731,0.102975402929,0.234624432262,0.427783244124,0.32433067007,0.34544415365,0.331702279727
mvt,1537549979,0.137,0.224,0.283,0.882,"'OMP': 'I(U_J^2)': 'U_J'","","'I(T2_I^2)': 'I(T2_J^2)': 'ACOPY_A': 'T2_I': 'I(U_I^2)': 'I(T1_J^3)'","",0.260497908721,0.257829634774,0.190187137234,0.23266393996,0.729178847458,0.277449765659,0.504632815816,0.229384655896
mvt,1537549977,0.251,0.515,,,"'OMP': 'I(U_J^2)': 'T1_J': 'I(T1_I^2)'","'T2_I': 'ACOPY_A': 'U_I': 'I(U_I^2)': 'T2_J': 'PAR1i': 'PAR1j': 'I(U_I^3)': 'SCREP': 'VEC'",,,0.297740492436,0.213668287933,,,0.460974719222,0.194192530497,,

